model,sequence
neural,sayyourst
neural,exords;
neural,agationstair
neural,thistrep
neural,hount:
neural,frugh
neural,woudth
neural,thenting
neural,exteneound
neural,whas
neural,buthe
neural,theypled
neural,thened
neural,papeattlier
neural,"gody,"
neural,ustious
neural,opesse
neural,gomed
neural,sunly
neural,theys
neural,poseas
neural,ittly
neural,"may,"
neural,aseren
neural,emen
neural,thavy
neural,brademririe
neural,plediriquestran.
neural,begle
neural,annight
neural,"lensty,"
neural,atch
neural,gxalin
neural,joyeund
neural,ber;
neural,birs
neural,"ceet,"
neural,whe
neural,"sillice,"
neural,cof
neural,anctele;
neural,reepene
neural,iss.
neural,whatore
neural,hopiectere
neural,buttiodly
neural,havoyse
neural,gegan
neural,th.
neural,inturteres
neural,parthe
neural,hais
neural,even.
neural,sacquis
neural,suve
neural,thic
neural,throt
neural,dictiame
neural,poress
neural,ine.
neural,"no,"
neural,theyer.
neural,inceithe
neural,"gand,"
neural,whis
neural,barart
neural,thavake
neural,",feake"
neural,cappand
neural,"up,"
neural,abefte
neural,frold
neural,tegiagar
neural,"oth,"
neural,panings
neural,pry.
neural,tiblure
neural,grekspectre
neural,"come,"
neural,mengs
neural,"caine,"
neural,liclurdst
neural,cartzow
neural,wastrabeftly
neural,","
neural,"naspostaing,"
neural,thetill
neural,whoureas
neural,forsection.
neural,therebet
neural,tards
neural,"elgencest,"
neural,witime
neural,breaguied
neural,tionery
neural,ittless
neural,mantifter
neural,bribin
neural,houghral
neural,mospeaticeepecershe
neural,mortensomal
neural,beede
neural,nalles.
neural,wel.
neural,themigthe
neural,"'it,"
neural,weeme
neural,kinfutsh
neural,thromis
neural,heit
neural,inis
neural,fron.
neural,haspek
neural,wers
neural,boxteepto
neural,durbonturemay.
neural,loon.
neural,"meds,"
neural,"cie,"
neural,"maks,"
neural,spid
neural,muits
neural,cooted
neural,muchimputerighte
neural,inus
neural,faclun
neural,cou
neural,thaveces
neural,sted;
neural,fresto
neural,hadrushey.
neural,"""ah"
neural,thating
neural,whor
neural,tunks
neural,frommuchic
neural,mading
neural,eatteeinajecenstuous
neural,liy's
neural,wor
neural,lius
neural,"lew,"
neural,"le."""
neural,drindestivere
neural,"seve,"
neural,anche
neural,"thatwer,"
neural,fors.
neural,camered
neural,wass
neural,diren
neural,"fe,"
neural,thauld
neural,ancepte
neural,abehicein
neural,favoy
neural,kunarthe
neural,vothe
neural,houshroad.
neural,wrine.
neural,melatigs
neural,uslyin
neural,whe
neural,theidege
neural,stle
neural,"him,"
neural,nostion
neural,"cacke,"
neural,solmoshe
neural,kmall;
neural,"thentenstaturpartering,"
neural,them.
neural,"its,"
neural,arem
neural,hichensacus
neural,anvere
neural,deastaile?
neural,witerent
neural,inegualeavowitinerfus
neural,ple
neural,livery.
neural,foulb
neural,"wrusideity,"
neural,its.
neural,"""ahight"
neural,witureatere
neural,threverstravou
neural,seembed
neural,thear
neural,mily
neural,joy.
neural,"ob,withent,"
neural,vivink
neural,","
neural,gly
neural,thers
neural,mideaboure
neural,neyseltarited
neural,"comeds,"
neural,bapters
neural,andevoul
neural,linigharty
neural,eus
neural,"exenst,"
neural,imsight
neural,plivoted
neural,onown
neural,"wateridess,"
neural,fal
neural,inkentred
neural,"noetion,"
neural,herectust
neural,iser
neural,rotme
neural,"hers"""
neural,demight
neural,thrande
neural,mosse
neural,"brunesicy,"
neural,halfad
neural,thel
neural,ofteng
neural,assit
neural,nignit
neural,"ar,"
neural,poressionfin
neural,wher's
neural,upposons
neural,"ins,"
neural,ans.
neural,"sien,"
neural,hareare
neural,hic;
neural,"mope,"
neural,annotted
neural,theyetentthe
neural,yould
neural,"thas,"
neural,"whimek,"
neural,drookedriydestel
neural,"may,"
neural,himsectorin
neural,thes
neural,toodur
neural,racithiskingollostily
neural,abse
neural,satived
neural,wertious
neural,prous:
neural,wilwe
neural,clignias
neural,screcas
neural,"der,"
neural,beete
neural,thatthe
neural,cauntedfulgod
neural,lacketemor
neural,theralay
neural,etallstentrut
neural,behad
neural,eve.
neural,frof
neural,medges
neural,hameat.
neural,"fre,"
neural,bady
neural,itheeparistellietherillightudersed
neural,obsomithunivomilly.
neural,opecqualtiven
neural,thap
neural,buted
neural,"inecom,"
neural,"""twidevere"
neural,pown
neural,thengs?
neural,"thome,"
neural,purxhation
neural,werm
neural,apectionce
neural,shoides
neural,spectelge
neural,thene
neural,voinign
neural,"itichappecticis,"
neural,shopeve
neural,hay;
neural,throoksen
neural,"crege,"
neural,alms;
neural,lovil
neural,"racan"""
neural,"exte,"
neural,nusilf
neural,"preh,"
neural,aning
neural,sto
neural,extle
neural,thadiven
neural,xistioped
neural,thaved
neural,sairies
neural,fouggen
neural,thesse
neural,canrefularain
neural,greardest
neural,walloodne
neural,"and,"
neural,goake
neural,convols
neural,witiatilticatenlearthe
neural,haly
neural,"brites,"
neural,joyessensed
neural,nue
neural,wely.
neural,"pome,"
neural,wrialmy
neural,inhad.
neural,"rose,"
neural,curegal
neural,carturef
neural,dectatted
neural,efouse
neural,olivold?
neural,metheeper
neural,bonsiolle
neural,dhy
neural,withanese
neural,ellss.
neural,"ands,"
neural,"inimedrill,"
neural,begareethe
neural,consud.
neural,tiche
neural,anden
neural,"my."""
neural,whisters
neural,wasom
neural,appeatesto
neural,coreand
neural,smalmost
neural,feweoried.
neural,allits
neural,"ise,"
neural,"theyare,"
neural,andess.
neural,apotamy
neural,themand
neural,cam.
neural,hadee
neural,inesom
neural,"and,"
neural,ben:
neural,insy
neural,spery
neural,"frionte,"
neural,hil
neural,poinguestur
neural,wayse
neural,wou;
neural,allut
neural,italtowny
neural,annuttakinvand
neural,jagnearfired
neural,deresoldook
neural,"bilegame,"
neural,crauspearger
neural,scomitheding
neural,whown
neural,ined
neural,prithe
neural,fulinat
neural,wif
neural,clood
neural,oplerthe
neural,neivere
neural,apper
neural,holike
neural,"berents,"
neural,"and,"
neural,und
neural,herewenly
neural,poullonvin
neural,martabetale
neural,"untedietunk,"
neural,atres
neural,meark
neural,oulagobat
neural,vinto
neural,appe
neural,marreit
neural,ungas
neural,wedisill
neural,youdne
neural,houl
neural,dreave
neural,sumsectly
neural,"wase,"
neural,brandoorrego
neural,feenceed
neural,roou
neural,"thinese,"
neural,amit.
neural,trinstrekin
neural,darier
neural,somim
neural,zone;
neural,"and,"
neural,"whereen,"
neural,grearte
neural,wass
neural,"pomelusion,"
neural,"and."""
neural,iney
neural,"antion,"
neural,"andes,"
neural,"frolets,"
neural,"mr,,"
neural,insethrbotar
neural,tols
neural,hudix
neural,painen
neural,magevints
neural,"re,"
neural,whaus
neural,"stsear,"
neural,hous
neural,naties
neural,noad
neural,brayespes
neural,extry
neural,supopin
neural,theris
neural,cou
neural,wol
neural,retentaliries
neural,elits
neural,"frome,"
neural,asids?
neural,earethenters
neural,wassawas
neural,"and,"
neural,anto
neural,prems
neural,"on,"
neural,","
neural,crege.
neural,asecto
neural,"wase,"
neural,thes
neural,wastat
neural,frould
neural,acrughtly
neural,beas
neural,joinciat
neural,ricied
neural,ces
neural,shque
neural,sars
neural,"unterat,"
neural,mamory
neural,hoich
neural,tomer
neural,dingingstioluctlecto
neural,dayes
neural,oughe
neural,trioasy
neural,auppose
neural,thesomen
neural,ehe
neural,perromence
neural,uppen
neural,"mouslay,"
neural,capechation
neural,itandso
neural,caideartimegs
neural,gionsed
neural,willse
neural,explusevenes
neural,joill
neural,theyeds
neural,"revers,"
neural,oppecid
neural,imet
neural,hationly
neural,whaphind
neural,flid
neural,inedutiony
neural,wanity
neural,aboe.
neural,somthaver.
neural,tandearay;
neural,"therse,"
neural,"ipos,"
neural,in's
neural,whe
neural,haisink.
neural,haintray
neural,itedix.
neural,belf
neural,painot
neural,sompas
neural,nown.
neural,"fecent,"
neural,waricere
neural,ghtriall
neural,fation
neural,trol
neural,"rist,"
neural,andonts
neural,unies
neural,extedre
neural,"suchcepteres,"
neural,"its,"
neural,fictight
neural,noatil
neural,coved.
neural,thedee;
neural,asteric
neural,stic
neural,conall.
neural,serney
neural,"the"""
neural,hornifat
neural,caing
neural,sfearned
neural,larifiveray
neural,enteir
neural,oll
neural,faid
neural,salappecrue
neural,narf
neural,spose
neural,fe.
neural,hatimpappariver.
neural,yout
neural,whe
neural,"ex,"
neural,"begetheyoure,"
neural,treaesiti
neural,linst
neural,dourdeme
neural,thist.
neural,"""t"
neural,wass
neural,"whice,"
neural,hecof
neural,dring
neural,bafeavowerecar
neural,ispingle
neural,expreve
neural,whised
neural,"ne,"
neural,ablon
neural,thims
neural,"peaven,"
neural,muccour
neural,dayetch
neural,wess
neural,oneirs.
neural,sayme
neural,hatins
neural,"wallen,"
neural,isight
neural,afted
neural,torteremou
neural,fulappartaterallentince
neural,bacquald
neural,bartian
neural,maked
neural,badesed
neural,iderefor
neural,ch;
neural,"con,"
neural,snevench
neural,lethed
neural,"wittere,"
neural,frovess
neural,"hanch,"
neural,"ame."""
neural,"go,"
neural,astsen
neural,ce;
neural,andight
neural,cre.
neural,nompareslacques
neural,"ind,"
neural,wapprefict
neural,befar
neural,uppro
neural,upot
neural,nothenifteink
neural,thoully
neural,felatio
neural,wayme
neural,commen
neural,murned
neural,inessawss.
neural,theyed
neural,"lourst,"
neural,"for,"
neural,anlir'sweve
neural,premplet
neural,"faccaymosed,"
neural,apeattre
neural,clegin
neural,deaging
neural,extere.
neural,hou
neural,entligged
neural,feorty'c
neural,aftellind
neural,abargefordreme
neural,herwas
neural,obles
neural,pauctage
neural,dowhe
neural,wained
neural,ithisild
neural,"more,"
neural,"evelstimple,"
neural,ids.
neural,thip
neural,jewe
neural,eyeied
neural,ithe
neural,itaires:
neural,"""ited"
neural,infleturiche
neural,moremis
neural,moution
neural,nounceitte
neural,conlectionem
neural,greamplings
neural,counceemilsce
neural,pagre
neural,shmand
neural,"buts,"
neural,ewn
neural,wastrileng
neural,forroter's
neural,hey.
neural,ings
neural,arficesses
neural,"itted,"
neural,"apent,"
neural,apow
neural,comenextrus
neural,havestretim
neural,coloseester
neural,theren
neural,buther
neural,uppan
neural,subletwe
neural,cums
neural,goich
neural,formithe
neural,annes
neural,"extatibselis,"
neural,vous
neural,aperly
neural,coluhuns
neural,"almanness,"
neural,way.
neural,thiging
neural,"reeturibleal,"
neural,beety.
neural,poomper
neural,cous
neural,mentin
neural,suall.
neural,wichadly
neural,lobse
neural,mapsinted
neural,"exte,"
neural,nang
neural,wor
neural,cou
neural,hantewingy
neural,heriss
neural,feighted
neural,mailawe
neural,idnesten
neural,"wifee,"
neural,comor
neural,sted
neural,aseirifeek
neural,udtimeme
neural,tondiontops
neural,"vor,"
neural,beirted
neural,objentherecur
neural,gict
neural,glay
neural,hic.
neural,isegeniontalfest
neural,fiestion
neural,thimprept
neural,"strey,"
neural,reth
neural,"ides,"
neural,enearknots
neural,thore.
neural,greare
neural,inggay
neural,pere.
neural,oond
neural,threame
neural,cou
neural,reditir
neural,why.
neural,forkent
neural,witet
neural,ineeme
neural,"do,"
neural,afull
neural,fulagnice
neural,fes
neural,nothe
neural,winetionse
neural,youghts
neural,aninulno
neural,"yought,"
neural,wity
neural,hoir
neural,greds
neural,whove
neural,"exted,"
neural,asy
neural,spand
neural,athray
neural,fewe
neural,"heinear,"
neural,saing
neural,drur
neural,comblessetiuned
neural,"obsecullon,"
neural,pre.
neural,"""the"
neural,giveres
neural,"go,"
neural,"uxed,"
neural,watiouri
neural,"he,"
neural,"od,"
neural,folessiontopectereage
neural,"sudde,"
neural,"once.""ce"
neural,tudexproweelle
neural,camoks.
neural,"""my"
neural,regethearillosiddem.
neural,areds
neural,speatell
neural,ithe
neural,anis.
neural,kno
neural,"dea,"
neural,atin
neural,thereque;
neural,"otim."""
neural,thate
neural,ponsibangs
neural,tormithe
neural,"gle""."
neural,hinte
neural,frad
neural,evend
neural,ascove
neural,sters
neural,"majechisque,"
neural,"al,"
neural,acaut
neural,begen
neural,"tere,"
neural,"were,"
neural,theyouggoted
neural,plaboureeramoce
neural,witsections
neural,"th,"
neural,ponaliand
neural,ele.
neural,becused
neural,ithopmy
neural,"on,"
neural,"mounpas,"
neural,ithrocennit
neural,whime
neural,mithe
neural,buss.
neural,crath
neural,vagramiest
neural,losside
neural,ve.
neural,palted
neural,frand
neural,efored
neural,"whattles,"
neural,mietion
neural,aphrourn
neural,mored
neural,th.
neural,thathe
neural,hadeak
neural,stsipangthe
neural,aloateevento
neural,"vispesed,"
neural,agencenve
neural,hation
neural,consubloncy.
neural,ingth
neural,expresposint
neural,youghter
neural,andes;
neural,theirive
neural,hant.
neural,thisirmom
neural,eang
neural,incy
neural,loyetwe
neural,ould
neural,antiou
neural,spos
neural,"""gain"
neural,asingis
neural,gixsoarino
neural,efuddl.
neural,strible
neural,iteong
neural,makes.
neural,fert
neural,cament
neural,"examer,"
neural,crestionusiention
neural,"parrolt,"
neural,emsemain
neural,"obeentes,"
neural,carzagery
neural,frinas
neural,otand
neural,"re,"
neural,theyes
neural,prignecte;
neural,aljougineve
neural,baus
neural,oblisted
neural,doympame
neural,theaday
neural,plach
neural,"thavit,"
neural,floollightnespirtlis
neural,usper;
neural,postreency.
neural,isit
neural,"ounne,"
neural,upol
neural,cone.
neural,borratim.
neural,taided
neural,besturinece
neural,mys
neural,"an,"
neural,agianzay
neural,witly
neural,sudwe
neural,diniumbeed
neural,"bes,"
neural,appeamen
neural,olcy.
neural,"""glece,"
neural,bessibsogar
neural,caffithen
neural,fain.
neural,neamideeniffed
neural,trutionises
neural,thicearted
neural,tupmor
neural,wariling
neural,thenten
neural,"day,"
neural,appeame
neural,crustreaveling
neural,methe
neural,beh?
neural,theaugglareigencry
neural,fareighted;
neural,jusion
neural,acens
neural,ounjunce
neural,movener
neural,tuiinuiciergat
neural,impre
neural,felarthe
neural,goin.
neural,scipr's
neural,"tord."""
neural,ancomee
neural,knotend
neural,"th,"
neural,atiour
neural,"stre,"
neural,artymome
neural,foul.
neural,ouggligne
neural,selitualk
neural,"se,"
neural,ited
neural,ingeng
neural,senughtion
neural,eftion.
neural,wreherearin
neural,turiartain
neural,knarsamain
neural,youncer
neural,"""d;"
neural,dreand
neural,"""mill"
neural,sattly
neural,sque
neural,earegualmire
neural,eoh
neural,catorthe
neural,nothist
neural,"eve,"
neural,caugnes.
neural,bithey
neural,cous
neural,orred
neural,walkst
neural,"fin,"
neural,crame
neural,mreastaby
neural,whimere
neural,prome;
neural,beforgeturne;
neural,paills
neural,"oult,"
neural,aror
neural,whis
neural,camignot
neural,"angete,"
neural,"the,"
neural,negray
neural,witin
neural,yef
neural,und
neural,werines
neural,yousicaus
neural,rer
neural,thied
neural,fach
neural,"sed,"
neural,atheamirif
neural,palut
neural,haill
neural,makencon
neural,wallibl
neural,bettell
neural,thune
neural,fewestreew
neural,yonceat
neural,"reare,"
neural,ithe
neural,therept
neural,"""at"
neural,"as,"
neural,"yought,"
neural,extext
neural,upoich
neural,wangil
neural,"ant,"
neural,astne
neural,borep
neural,giably
neural,frompeas
neural,sheater
neural,thilidethele.
neural,"wittery,"
neural,beemasof
neural,strunpall
neural,peadepectes
neural,supperiat
neural,appos
neural,deraming
neural,nompibeets
neural,"ingen,"
neural,"apped,"
neural,wor
neural,tly
neural,"en,"
neural,"oppreod,"
neural,whis.
neural,walts.
neural,onsphat
neural,hicaumse
neural,unk
neural,gairhaved
neural,nion.
neural,anterris
neural,liniveriustal.
neural,makered
neural,theyoughicion
neural,frourmior
neural,ince
neural,younew
neural,dispectursions
neural,pithich
neural,"isser,"
neural,sinhy
neural,happosere
neural,"me"""
neural,eude
neural,"comea,"
neural,"""my"
neural,uponsunkt.
neural,crught
neural,hantulbithatere
neural,aftess
neural,smess
neural,younto
neural,compuriin
neural,aldest'
neural,somilmooinhichoanmirly
neural,yousim
neural,examentledge
neural,phy
neural,peregamters
neural,fropecupturcon
neural,"oncturrionce,"
neural,priblear
neural,wely.
neural,speaddedy.
neural,thated
neural,wourk
neural,whou
neural,untiand
neural,speretter
neural,evisciage
neural,"de,"
neural,cesto
neural,"mont,"
neural,whn
neural,theds
neural,triat
neural,thervent
neural,colut
neural,sol?
neural,for;
neural,buthe
neural,abourever
neural,"urnass,"
neural,ineyeth
neural,"cion,"
neural,elfiteper.
neural,"aforred,"
neural,"""t"
neural,"ing,"
neural,thectionall
neural,eveney
neural,dishoseen
neural,tanicameelf
neural,vetered
neural,thery
neural,"lir,"
neural,"sel,"
neural,mently
neural,"come,"
neural,goolly
neural,distevers.
vanilla,proul
vanilla,godeaso
vanilla,bratmom
vanilla,halin
vanilla,winctoody
vanilla,magoo
vanilla,musto
vanilla,unt
vanilla,","
vanilla,ingstables
vanilla,thours
vanilla,feverege
vanilla,trals
vanilla,salonvery
vanilla,morness
vanilla,","
vanilla,inalf
vanilla,solemome
vanilla,sto
vanilla,tained
vanilla,","
vanilla,awit
vanilla,suppirequellegight
vanilla,musight
vanilla,'n't
vanilla,thert
vanilla,ner
vanilla,","
vanilla,bracturried
vanilla,","
vanilla,'
vanilla,garemon
vanilla,togno
vanilla,tond
vanilla,thavergatily
vanilla,fich
vanilla,","
vanilla,otion
vanilla,.
vanilla,atencts
vanilla,dusubjectishat
vanilla,anits
vanilla,linto
vanilla,theamp
vanilla,","
vanilla,postingent
vanilla,upose
vanilla,agual
vanilla,homand
vanilla,hathence
vanilla,ific
vanilla,sored
vanilla,testred
vanilla,lixts
vanilla,.
vanilla,whichich
vanilla,aftely
vanilla,youghtly
vanilla,hoaterd
vanilla,whichilded
vanilla,upiek
vanilla,","
vanilla,wout
vanilla,bootteatifis
vanilla,","
vanilla,hinind
vanilla,foungto
vanilla,fre
vanilla,afen
vanilla,cievermaccor
vanilla,arnal
vanilla,norwardy
vanilla,pressionchareed
vanilla,sto
vanilla,thic
vanilla,","
vanilla,wity
vanilla,exprow
vanilla,;
vanilla,pentris
vanilla,.
vanilla,nefung
vanilla,duche
vanilla,oxionsad
vanilla,chiptigh
vanilla,","
vanilla,withatiffeland
vanilla,;
vanilla,priveriall
vanilla,","
vanilla,hady
vanilla,taind
vanilla,","
vanilla,fordle
vanilla,promed
vanilla,whound
vanilla,spon
vanilla,briveget
vanilla,","
vanilla,.
vanilla,boug
vanilla,whiloond
vanilla,irsead
vanilla,blivigh
vanilla,reepted
vanilla,obt
vanilla,derdis
vanilla,lenothers
vanilla,","
vanilla,","
vanilla,blaccum
vanilla,carticas
vanilla,mandistrion
vanilla,gaildres
vanilla,","
vanilla,sagusney
vanilla,froat
vanilla,inis
vanilla,nothat
vanilla,.
vanilla,youlth
vanilla,","
vanilla,sounk
vanilla,.
vanilla,andieflethimor
vanilla,bect
vanilla,dithe
vanilla,faremen
vanilla,morst
vanilla,","
vanilla,evercithich
vanilla,haticips
vanilla,hameakingle
vanilla,.
vanilla,","
vanilla,''
vanilla,ageser
vanilla,dailming
vanilla,sellontly
vanilla,theagentan
vanilla,possuchilivesessice
vanilla,upeopuld
vanilla,hushicat
vanilla,.
vanilla,","
vanilla,wheed
vanilla,ited
vanilla,","
vanilla,;
vanilla,speaseme
vanilla,theldin
vanilla,andingend
vanilla,ishe
vanilla,therst
vanilla,.
vanilla,'tharazzy
vanilla,","
vanilla,irdom
vanilla,dreabrom
vanilla,hucie
vanilla,","
vanilla,bouthere
vanilla,","
vanilla,triagot
vanilla,indere
vanilla,yound
vanilla,yould
vanilla,ouresece
vanilla,cated
vanilla,elubble
vanilla,;
vanilla,hicher
vanilla,wity
vanilla,thery
vanilla,deouted
vanilla,maked
vanilla,swaliethaps
vanilla,ceme
vanilla,","
vanilla,hescot
vanilla,","
vanilla,wor
vanilla,cred
vanilla,butere
vanilla,peertmoushe
vanilla,hich
vanilla,whis
vanilla,summeave
vanilla,althe
vanilla,livere
vanilla,loweed
vanilla,melisk
vanilla,thabowes
vanilla,;
vanilla,expecomene
vanilla,inerehost
vanilla,strabay
vanilla,.
vanilla,thating
vanilla,.
vanilla,dien
vanilla,fes
vanilla,alook
vanilla,.
vanilla,crinat
vanilla,frompe
vanilla,oced
vanilla,n't
vanilla,alth
vanilla,","
vanilla,shordley
vanilla,.
vanilla,nown
vanilla,fifte
vanilla,hous
vanilla,larst
vanilla,","
vanilla,carendualled
vanilla,conighty
vanilla,breackclaws
vanilla,","
vanilla,","
vanilla,haing
vanilla,;
vanilla,fithommorturibeem
vanilla,yethe
vanilla,poicieningurked
vanilla,eand
vanilla,lowescoment
vanilla,huttes
vanilla,tragiva
vanilla,factiody
vanilla,oneed
vanilla,acks
vanilla,yought
vanilla,und
vanilla,thatea
vanilla,","
vanilla,soccur
vanilla,;
vanilla,muce
vanilla,oritly
vanilla,haped
vanilla,whown
vanilla,;
vanilla,bety
vanilla,risint
vanilla,beephe
vanilla,posidection
vanilla,himall
vanilla,.
vanilla,ith
vanilla,menseemend
vanilla,''
vanilla,","
vanilla,","
vanilla,","
vanilla,dify
vanilla,.
vanilla,wincomplin
vanilla,oned
vanilla,afertiver
vanilla,sailaits
vanilla,cathat
vanilla,proareato
vanilla,epen
vanilla,","
vanilla,rof
vanilla,;
vanilla,buthunit
vanilla,enox
vanilla,achave
vanilla,mespondy
vanilla,iterwake
vanilla,","
vanilla,forsend
vanilla,thads
vanilla,","
vanilla,ithe
vanilla,therly
vanilla,.
vanilla,lieurs
vanilla,;
vanilla,everishen
vanilla,formad
vanilla,isions
vanilla,","
vanilla,awas
vanilla,froathe
vanilla,samosed
vanilla,therissis
vanilla,inot
vanilla,propertione
vanilla,camerights
vanilla,scurt
vanilla,ecith
vanilla,crues
vanilla,","
vanilla,ral
vanilla,","
vanilla,thichat
vanilla,","
vanilla,standmend
vanilla,thretatualat
vanilla,.
vanilla,whicusearsespectillut
vanilla,.
vanilla,usleat
vanilla,akink
vanilla,valrews
vanilla,improphoull
vanilla,onshme
vanilla,facred
vanilla,mitericam
vanilla,thariviold
vanilla,plart
vanilla,ved
vanilla,","
vanilla,angrand
vanilla,stly
vanilla,;
vanilla,","
vanilla,thoorthe
vanilla,stiam
vanilla,.
vanilla,gratainincelit
vanilla,teleged
vanilla,thfus
vanilla,afenal
vanilla,","
vanilla,happarne
vanilla,.
vanilla,ithat
vanilla,giringthised
vanilla,alguilsone
vanilla,poo
vanilla,sperew
vanilla,yough
vanilla,spis
vanilla,","
vanilla,wor
vanilla,warld
vanilla,thead
vanilla,","
vanilla,eated
vanilla,agarde
vanilla,","
vanilla,hoserst
vanilla,","
vanilla,eanding
vanilla,paseopicat
vanilla,.
vanilla,thele
vanilla,","
vanilla,daywhouthers
vanilla,","
vanilla,intere
vanilla,upoird
vanilla,.
vanilla,camrs
vanilla,befrower
vanilla,remetwin
vanilla,.
vanilla,whiste
vanilla,stanke
vanilla,alch
vanilla,wayet
vanilla,whe
vanilla,susiblamorethead
vanilla,woory
vanilla,lippose
vanilla,.
vanilla,hich
vanilla,","
vanilla,hadis
vanilla,mous
vanilla,forwas
vanilla,sto
vanilla,crepagared
vanilla,saind
vanilla,.
vanilla,thadmatere
vanilla,.
vanilla,thathe
vanilla,berid
vanilla,swes
vanilla,","
vanilla,ithent
vanilla,whis
vanilla,","
vanilla,.
vanilla,palovently
vanilla,sters
vanilla,jusencides
vanilla,beemeath
vanilla,heyessibly
vanilla,?
vanilla,mighbor
vanilla,goider
vanilla,gly
vanilla,lecte
vanilla,frompecouddeariarmilecoulted
vanilla,.
vanilla,monly
vanilla,amigy
vanilla,","
vanilla,thaded
vanilla,","
vanilla,comillems
vanilla,oure
vanilla,","
vanilla,anin
vanilla,;
vanilla,antiong
vanilla,waympong
vanilla,.
vanilla,whery
vanilla,thand
vanilla,","
vanilla,bento
vanilla,thisceir
vanilla,andiand
vanilla,witairs
vanilla,nity
vanilla,miried
vanilla,fliket
vanilla,earmea
vanilla,.
vanilla,thadeeme
vanilla,nothe
vanilla,","
vanilla,campatteryphy
vanilla,cratental
vanilla,thavotwoungley
vanilla,comention
vanilla,tharn
vanilla,","
vanilla,becrieftemand
vanilla,","
vanilla,hise
vanilla,youghts
vanilla,anithe
vanilla,fernie
vanilla,terim
vanilla,","
vanilla,n't
vanilla,.
vanilla,truchopecancing
vanilla,magover
vanilla,inall
vanilla,pathernery
vanilla,haution
vanilla,vreas
vanilla,gress
vanilla,cout
vanilla,.
vanilla,butong
vanilla,deckne
vanilla,'
vanilla,laregrach
vanilla,thal
vanilla,","
vanilla,clifilegaboostat
vanilla,whican
vanilla,frox
vanilla,","
vanilla,witimall
vanilla,twoung
vanilla,daysem
vanilla,","
vanilla,andow
vanilla,gened
vanilla,sto
vanilla,supold
vanilla,''
vanilla,","
vanilla,ontir
vanilla,fecte
vanilla,buted
vanilla,undont
vanilla,coment
vanilla,fieve
vanilla,wandego
vanilla,","
vanilla,shings
vanilla,dispen
vanilla,welle
vanilla,aticke
vanilla,","
vanilla,abland
vanilla,onspire
vanilla,poodep
vanilla,afterst
vanilla,wormighat
vanilla,antall
vanilla,froverous
vanilla,beir
vanilla,expecoccon
vanilla,;
vanilla,''
vanilla,aftented
vanilla,throusassionsand
vanilla,","
vanilla,daysee
vanilla,upoloom
vanilla,inforthartentalosibly
vanilla,oughthilty
vanilla,scourstrink
vanilla,","
vanilla,thown
vanilla,''
vanilla,:
vanilla,derver
vanilla,ract
vanilla,youghtelf
vanilla,glosmayst
vanilla,iscuty
vanilla,","
vanilla,siognall
vanilla,rechmers
vanilla,.
vanilla,anymoneetang
vanilla,ifit
vanilla,foode
vanilla,coresch
vanilla,sprepere
vanilla,itsivioulcome
vanilla,.
vanilla,brumpled
vanilla,unly
vanilla,eare
vanilla,.
vanilla,stsed
vanilla,","
vanilla,onisenotiatencears
vanilla,inglithe
vanilla,anits
vanilla,intobe
vanilla,nalme
vanilla,befe
vanilla,aspillenown
vanilla,whersickly
vanilla,``
vanilla,yough
vanilla,thinciphy
vanilla,fregromy
vanilla,havaderibleceemple
vanilla,''
vanilla,nown
vanilla,","
vanilla,","
vanilla,arteme
vanilla,lighte
vanilla,thinkno
vanilla,hany
vanilla,exhien
vanilla,ple
vanilla,saderablant
vanilla,appre
vanilla,withend
vanilla,vabs
vanilla,lirep
vanilla,courina
vanilla,gacips
vanilla,cleass
vanilla,sufferid
vanilla,tonsping
vanilla,wores
vanilla,sposummoreve
vanilla,dambeen
vanilla,abot
vanilla,frof
vanilla,''
vanilla,aguarges
vanilla,moich
vanilla,.
vanilla,crailiken
vanilla,.
vanilla,acent
vanilla,therect
vanilla,.
vanilla,fantestain
vanilla,monerflopeste
vanilla,thiche
vanilla,.
vanilla,suceng
vanilla,cationly
vanilla,.
vanilla,innivids
vanilla,fouggems
vanilla,durbitit
vanilla,sainconest
vanilla,.
vanilla,nobbars
vanilla,waread
vanilla,whorearcuse
vanilla,.
vanilla,.
vanilla,parectenmency
vanilla,byse
vanilla,featerseto
vanilla,stessacted
vanilla,caugs
vanilla,rele
vanilla,whostin
vanilla,pingetainintery
vanilla,hicinfusionot
vanilla,periontershourept
vanilla,inged
vanilla,camillighouravoloo
vanilla,samind
vanilla,shabod
vanilla,rell
vanilla,adren
vanilla,smated
vanilla,disless
vanilla,whire
vanilla,enting
vanilla,uptip
vanilla,.
vanilla,woulove
vanilla,","
vanilla,couggland
vanilla,.
vanilla,fres
vanilla,thand
vanilla,","
vanilla,.
vanilla,ould
vanilla,migh
vanilla,","
vanilla,''
vanilla,rearre
vanilla,nown
vanilla,awas
vanilla,combrimed
vanilla,","
vanilla,ininglont
vanilla,","
vanilla,discogglip
vanilla,intaradeouland
vanilla,","
vanilla,moneseal
vanilla,muselloyin
vanilla,","
vanilla,feeks
vanilla,wery
vanilla,troseastake
vanilla,ouprovered
vanilla,opersert
vanilla,?
vanilla,'
vanilla,","
vanilla,insiond
vanilla,gorne
vanilla,uncer
vanilla,ditherstry
vanilla,","
vanilla,thignargrehe
vanilla,fainight
vanilla,uponst
vanilla,","
vanilla,mosquireweedien
vanilla,'
vanilla,cumad
vanilla,ciew
vanilla,ineavoth
vanilla,thris
vanilla,thartim
vanilla,whow
vanilla,whis
vanilla,sposent
vanilla,toget
vanilla,","
vanilla,whe
vanilla,.
vanilla,","
vanilla,und
vanilla,beger
vanilla,mearbes
vanilla,nothe
vanilla,swovey
vanilla,faccong
vanilla,gling
vanilla,scrato
vanilla,remattrien
vanilla,bodde
vanilla,","
vanilla,buter
vanilla,taidepich
vanilla,warrembary
vanilla,disly
vanilla,thust
vanilla,nin
vanilla,","
vanilla,","
vanilla,'
vanilla,sucke
vanilla,shadnigning
vanilla,hessingle
vanilla,whe
vanilla,pring
vanilla,stilse
vanilla,;
vanilla,expecteliff
vanilla,tud
vanilla,shoreves
vanilla,","
vanilla,stimentine
vanilla,atenst
vanilla,","
vanilla,","
vanilla,thers
vanilla,exhips
vanilla,ocks
vanilla,buit
vanilla,.
vanilla,thomphad
vanilla,gragreiver
vanilla,racensiderd
vanilla,pircurinuty
vanilla,bearseithe
vanilla,hisgrost
vanilla,upow
vanilla,huremorm
vanilla,thery
vanilla,mabods
vanilla,thatenexpled
vanilla,whe
vanilla,beced
vanilla,frould
vanilla,theyoudings
vanilla,coozurs
vanilla,insup
vanilla,orrit
vanilla,","
vanilla,","
vanilla,","
vanilla,mosecrene
vanilla,onefortan
vanilla,thestricheially
vanilla,","
vanilla,wents
vanilla,.
vanilla,hisercurs
vanilla,fland
vanilla,parlach
vanilla,nover
vanilla,reandken
vanilla,?
vanilla,destainnet
vanilla,pidern
vanilla,thery
vanilla,forringur
vanilla,.
vanilla,tininne
vanilla,iread
vanilla,thentown
vanilla,thre
vanilla,subtally
vanilla,","
vanilla,lignateretiontic
vanilla,","
vanilla,esibearight
vanilla,amessen
vanilla,shroperve
vanilla,jusiting
vanilla,","
vanilla,dord
vanilla,ifear
vanilla,trithe
vanilla,.
vanilla,thaveherecally
vanilla,","
vanilla,becelf
vanilla,sto
vanilla,rened
vanilla,thal
vanilla,ningred
vanilla,thancy
vanilla,frop
vanilla,.
vanilla,``
vanilla,``
vanilla,","
vanilla,dithemor
vanilla,","
vanilla,mented
vanilla,thend
vanilla,","
vanilla,handown
vanilla,?
vanilla,.
vanilla,oling
vanilla,thearster
vanilla,momazz
vanilla,","
vanilla,remockingess
vanilla,faing
vanilla,","
vanilla,feeme
vanilla,shumberther
vanilla,wory
vanilla,jought
vanilla,chers
vanilla,ould
vanilla,","
vanilla,antmor
vanilla,trouland
vanilla,weremeraves
vanilla,nalls
vanilla,;
vanilla,majeclut
vanilla,beizabriusly
vanilla,anditch
vanilla,bugh
vanilla,unexpearty
vanilla,thoperit
vanilla,offunt
vanilla,ths
vanilla,revic
vanilla,.
vanilla,fingester
vanilla,cife
vanilla,maincery
vanilla,agension
vanilla,sund
vanilla,famend
vanilla,groc
vanilla,muchouty
vanilla,puldeoureplas
vanilla,camed
vanilla,deadint
vanilla,worech
vanilla,gilload
vanilla,latte
vanilla,belige
vanilla,","
vanilla,.
vanilla,whousescifect
vanilla,.
vanilla,whimersesery
vanilla,.
vanilla,yout
vanilla,rounday
vanilla,whopear
vanilla,docireelay
vanilla,","
vanilla,iffecroones
vanilla,","
vanilla,appes
vanilla,readly
vanilla,souratigirly
vanilla,","
vanilla,coursphathe
vanilla,fropeas
vanilla,.
vanilla,therproughtfutuoureems
vanilla,viout
vanilla,exceep
vanilla,brold
vanilla,tilet
vanilla,docklir
vanilla,whis
vanilla,agueb
vanilla,ancerfrom
vanilla,sne
vanilla,.
vanilla,yehilmeak
vanilla,cron
vanilla,oreget
vanilla,liquall
vanilla,aciessible
vanilla,.
vanilla,aborneretark
vanilla,itte
vanilla,abid
vanilla,;
vanilla,ifeethe
vanilla,whou
vanilla,thatingtheyes
vanilla,tionts
vanilla,.
vanilla,gazzed
vanilla,thichave
vanilla,combeethe
vanilla,","
vanilla,isce
vanilla,wortioncy
vanilla,lidentereards
vanilla,betilled
vanilla,ithean
vanilla,","
vanilla,","
vanilla,.
vanilla,succe
vanilla,priew
vanilla,wou
vanilla,beend
vanilla,syme
vanilla,porrif
vanilla,univeret
vanilla,poin
vanilla,vinsur
vanilla,.
vanilla,inglibbiz
vanilla,","
vanilla,objecten
vanilla,suffind
vanilla,cout
vanilla,","
vanilla,andubjectived
vanilla,theng
vanilla,","
vanilla,whis
vanilla,whe
vanilla,gaimang
vanilla,theameadower
vanilla,yonatup
vanilla,holux
vanilla,noung
vanilla,pord
vanilla,oreave
vanilla,aneforrove
vanilla,","
vanilla,wasimay
vanilla,yeare
vanilla,fors
vanilla,","
vanilla,membe
vanilla,","
vanilla,louddis
vanilla,hadman
vanilla,ments
vanilla,.
vanilla,noth
vanilla,;
vanilla,","
vanilla,usidiumad
vanilla,thead
vanilla,almois
vanilla,","
vanilla,accurred
vanilla,querriess
vanilla,wittle
vanilla,dersentrelinge
vanilla,","
vanilla,;
vanilla,aneandent
vanilla,","
vanilla,kneamones
vanilla,ittimpok
vanilla,.
vanilla,``
vanilla,yousterstfor
vanilla,thateld
vanilla,","
vanilla,nothe
vanilla,","
vanilla,","
vanilla,dupoptur
vanilla,","
vanilla,.
vanilla,","
vanilla,","
vanilla,atioutedo
vanilla,expeateressudderappichavoin
vanilla,uple
vanilla,mase
vanilla,hicatione
vanilla,","
vanilla,","
vanilla,comiand
vanilla,invisompad
vanilla,papeetance
vanilla,loult
vanilla,gruged
vanilla,","
vanilla,''
vanilla,printiourly
vanilla,calift
vanilla,wass
vanilla,wasmaked
vanilla,ithimeniond
vanilla,.
vanilla,cuty
vanilla,eragoome
vanilla,wercurn
vanilla,","
vanilla,maing
vanilla,argereen
vanilla,fromphe
vanilla,hation
vanilla,hiciews
vanilla,blaken
vanilla,.
vanilla,``
vanilla,.
vanilla,``
vanilla,","
vanilla,","
vanilla,fron
vanilla,butich
vanilla,entale
vanilla,","
vanilla,ittem
vanilla,beit
vanilla,onis
vanilla,","
vanilla,anniumblet
vanilla,framandoutt
vanilla,thoed
vanilla,unknowanque
vanilla,wity
vanilla,maguiretter
vanilla,","
vanilla,pubt
vanilla,.
vanilla,thatimerin
vanilla,","
vanilla,puffinares
vanilla,goir
vanilla,bruffel
vanilla,","
vanilla,wor
vanilla,curinfulto
vanilla,preat
vanilla,vathe
vanilla,liginvits
vanilla,;
vanilla,inating
vanilla,theare
vanilla,lont
vanilla,","
vanilla,andentmargave
vanilla,twoung
vanilla,theranced
vanilla,thersenjoyagre
vanilla,theaknoureverver
vanilla,poic
vanilla,","
vanilla,dreeme
vanilla,grive
vanilla,.
vanilla,'
vanilla,cibled
vanilla,","
vanilla,thereaccame
vanilla,anot
vanilla,","
vanilla,ithed
vanilla,","
vanilla,``
vanilla,","
vanilla,oupow
vanilla,'ome
vanilla,inkse
vanilla,worecandessat
vanilla,dria
vanilla,thearm
vanilla,","
vanilla,theyoulthe
vanilla,buttent
vanilla,.
vanilla,","
vanilla,andeat
vanilla,reposse
vanilla,","
vanilla,","
vanilla,","
vanilla,;
vanilla,biligh
vanilla,imil
vanilla,rearrew
vanilla,ciout
vanilla,hiniatent
vanilla,sprelly
vanilla,strainablianded
vanilla,himal
vanilla,.
vanilla,knothe
vanilla,hopecters
vanilla,","
vanilla,imits
vanilla,","
vanilla,indemake
vanilla,thostimps
vanilla,smages
vanilla,glefor
vanilla,","
vanilla,ouregile
vanilla,pelto
vanilla,","
vanilla,whoure
vanilla,dishot
vanilla,abough
vanilla,maing
vanilla,iterhatiolled
vanilla,suddect
vanilla,sto
vanilla,caughted
vanilla,yould
vanilla,;
vanilla,alatty
vanilla,","
vanilla,ablind
vanilla,murseells
vanilla,nobale
vanilla,lagazy
vanilla,voll
vanilla,","
vanilla,thers
vanilla,","
vanilla,wifty
vanilla,lovaused
vanilla,taines
vanilla,","
vanilla,appieve
vanilla,thathe
vanilla,amed
vanilla,pette
vanilla,quithe
vanilla,coverwour
vanilla,.
vanilla,thopea
vanilla,moutuch
vanilla,persers
vanilla,.
vanilla,astions
vanilla,haloness
vanilla,","
vanilla,poustre
vanilla,arigurb
vanilla,","
vanilla,mazzled
vanilla,curvasione
vanilla,doet
vanilla,diat
vanilla,;
vanilla,suffew
vanilla,thabey
vanilla,","
vanilla,''
vanilla,aftepost
vanilla,afte
vanilla,cithen
vanilla,oved
vanilla,","
vanilla,spandestakin
vanilla,muld
vanilla,drits
vanilla,ancir
vanilla,highatand
vanilla,nalin
vanilla,sposto
vanilla,redgerand
vanilla,","
vanilla,ancearmitchim
vanilla,","
vanilla,foraing
vanilla,","
vanilla,istern
vanilla,impnestake
vanilla,","
vanilla,hou
vanilla,apenvulask
vanilla,wor
vanilla,.
vanilla,","
vanilla,","
vanilla,afroot
vanilla,foultly
vanilla,","
vanilla,doesely
vanilla,wers
vanilla,blifich
vanilla,joinficiabod
vanilla,.
vanilla,fornscoringly
vanilla,proveretir
vanilla,hilid
vanilla,gersolate
vanilla,.
vanilla,whipow
vanilla,extrest
vanilla,'ly
vanilla,prithencle
vanilla,","
vanilla,wases
vanilla,hatur
vanilla,;
vanilla,","
vanilla,","
vanilla,ficapproresten
vanilla,","
vanilla,deartemito
vanilla,frien
vanilla,.
vanilla,''
vanilla,.
vanilla,brencor
vanilla,intow
vanilla,theake
vanilla,oing
vanilla,.
vanilla,comple
vanilla,hadegir
vanilla,roked
vanilla,","
vanilla,","
vanilla,whe
vanilla,hatatiost
vanilla,","
vanilla,haton
vanilla,''
vanilla,foon
vanilla,thery
vanilla,paue
vanilla,.
vanilla,rummought
vanilla,wastran
vanilla,houning
vanilla,appearot
vanilla,uput
vanilla,waskitte
vanilla,yessels
vanilla,thisk
vanilla,athiddess
vanilla,frun
vanilla,uponewan
vanilla,trusuch
vanilla,theit
vanilla,sheyed
vanilla,gences
vanilla,ationly
vanilla,thespenitenthe
vanilla,ivaing
vanilla,","
vanilla,wrogn
vanilla,frompecre
vanilla,butended
vanilla,nescow
vanilla,orknoistudge
vanilla,","
vanilla,.
vanilla,whic
vanilla,","
vanilla,weres
vanilla,notheraventicullead
vanilla,","
vanilla,terety
vanilla,","
vanilla,sicaugholace
vanilla,;
vanilla,risfaras
vanilla,.
vanilla,whadong
vanilla,slude
vanilla,rachad
vanilla,spinues
vanilla,ordis
vanilla,foreadver
vanilla,hisarinor
vanilla,ainge
vanilla,spentake
vanilla,hemoreauthe
vanilla,consur
vanilla,fes
vanilla,.
vanilla,'glan
vanilla,tond
vanilla,","
vanilla,beft
vanilla,vello
vanilla,goond
vanilla,seng
vanilla,nowfulted
vanilla,mys
vanilla,thouner
vanilla,foreent
vanilla,batim
vanilla,","
vanilla,aintionat
vanilla,","
vanilla,beaspily
vanilla,","
vanilla,","
vanilla,buthad
vanilla,","
vanilla,.
vanilla,'
vanilla,``
vanilla,youdeshelictib
vanilla,onever
vanilla,","
vanilla,whoned
vanilla,flou
vanilla,.
vanilla,ths
vanilla,thaded
vanilla,haduress
vanilla,.
vanilla,rold
vanilla,theing
vanilla,whe
vanilla,parder
vanilla,druldre
vanilla,sayesso
vanilla,beentrablebaceight
vanilla,frine
vanilla,derearme
vanilla,wre
vanilla,dester
vanilla,anderve
vanilla,wased
vanilla,weires
vanilla,","
vanilla,eards
vanilla,oll
vanilla,","
vanilla,peridde
vanilla,thes
vanilla,evente
vanilla,drom
vanilla,shart
vanilla,mintlet
vanilla,wought
vanilla,oatic
vanilla,crand
vanilla,paing
vanilla,:
vanilla,constrabbse
vanilla,.
vanilla,gaintibland
vanilla,uppecall
vanilla,","
vanilla,dideveriestow
vanilla,.
vanilla,``
vanilla,beeprifives
vanilla,;
vanilla,surece
vanilla,exper
vanilla,","
vanilla,aninvound
vanilla,","
vanilla,woulf
vanilla,bourstelifullovery
vanilla,guen
vanilla,reems
vanilla,serrevisaying
vanilla,dinten
vanilla,makedin
vanilla,nottander
vanilla,thadinedged
vanilla,attelf
vanilla,therminds
vanilla,","
vanilla,itermy
vanilla,yealeasicand
vanilla,unly
vanilla,hisheld
vanilla,hinto
vanilla,memblown
vanilla,somay
vanilla,thist
vanilla,woutioned
vanilla,degredick
vanilla,","
vanilla,maind
vanilla,obeen
vanilla,forthentabot
vanilla,","
vanilla,ollivernowe
vanilla,","
vanilla,ofing
vanilla,fearand
vanilla,wate
vanilla,thery
vanilla,","
vanilla,hads
vanilla,baymot
vanilla,","
vanilla,theiny
vanilla,pearightme
vanilla,onveripperch
vanilla,comeme
vanilla,","
vanilla,hencon
vanilla,","
vanilla,yelwas
vanilla,chistus
vanilla,","
vanilla,properrim
vanilla,whoged
vanilla,agunot
vanilla,.
vanilla,beetted
vanilla,seet
vanilla,thery
vanilla,sheme
vanilla,.
vanilla,hempery
vanilla,","
vanilla,forous
vanilla,inselegroremeneturn
vanilla,","
vanilla,thounce
vanilla,.
vanilla,prompent
vanilla,agention
vanilla,sumstreetionswoung
vanilla,thatere
vanilla,","
vanilla,ardese
vanilla,reat
vanilla,fectakincellarithave
vanilla,harthelen
vanilla,antured
vanilla,pulonartmettedidd
vanilla,thertim
vanilla,uturbe
vanilla,whicamought
vanilla,","
vanilla,yage
vanilla,bizardist
vanilla,thimme
vanilla,","
vanilla,thoods
vanilla,","
vanilla,:
vanilla,succanion
vanilla,plancepably
vanilla,spers
vanilla,","
vanilla,trayssuchom
vanilla,notime
vanilla,meme
vanilla,weentanobotiout
vanilla,.
vanilla,propention
vanilla,hatin
vanilla,yourappeld
vanilla,","
vanilla,alivereame
vanilla,zelve
vanilla,cein
vanilla,sudimestakilenta
vanilla,procced
vanilla,","
vanilla,notioun
vanilla,witast
vanilla,trand
vanilla,whisoon
vanilla,.
vanilla,hisir
vanilla,","
vanilla,coulderwas
vanilla,frong
vanilla,sout
vanilla,coustry
vanilla,seenjoy
vanilla,fach
vanilla,fichavennsiddelern
vanilla,witly
vanilla,.
vanilla,grem
vanilla,","
vanilla,oname
vanilla,unne
vanilla,dizon
vanilla,","
vanilla,fle
vanilla,","
vanilla,eved
vanilla,hispe
vanilla,.
vanilla,","
vanilla,sions
vanilla,reartice
vanilla,","
vanilla,mispir
vanilla,.
vanilla,andeso
vanilla,areple
vanilla,birestrich
vanilla,","
vanilla,ressid
vanilla,.
vanilla,pancest
vanilla,","
vanilla,siturs
vanilla,scruchfouldit
vanilla,brevin
vanilla,millast
vanilla,frep
vanilla,whad
vanilla,.
vanilla,lience
vanilla,thould
vanilla,estorest
vanilla,.
vanilla,haidwaybe
vanilla,.
vanilla,noom
vanilla,oforld
vanilla,","
vanilla,wity
vanilla,?
vanilla,ithe
vanilla,pectingrantele
vanilla,wassaysenean
vanilla,ginut
vanilla,alles
vanilla,","
vanilla,opently
vanilla,","
vanilla,tweiver
vanilla,.
vanilla,everwithe
vanilla,somy
vanilla,thaticeiva
vanilla,yould
vanilla,pontilin
vanilla,.
